City_ID,City,Lat,Lng,Max Temp,Humidity,Cloudiness,Wind Speed,Country,Date
0,longyearbyen,78.2186,15.6401,-22.09,71,20,0.0,SJ,1712449836
1,carnarvon,-24.8667,113.6333,25.26,58,0,7.37,AU,1712450016
2,swakopmund,-22.6833,14.5333,14.43,81,1,1.34,NA,1712450016
3,utrik,11.2278,169.8474,27.02,75,100,8.87,MH,1712449843
4,vorgashor,67.5833,63.95,-9.55,93,100,7.14,RU,1712449957
5,huarmey,-10.0681,-78.1522,23.08,84,97,5.36,PE,1712449782
6,amravati,20.9333,77.75,29.15,23,86,1.62,IN,1712449938
7,varde,55.6211,8.4807,17.09,68,75,7.72,DK,1712450016
8,edinburgh of the seven seas,-37.0676,-12.3116,18.95,95,98,9.83,SH,1712450017
9,port-aux-francais,-49.35,70.2167,9.06,95,100,18.49,TF,1712450017
10,west island,-12.1568,96.8225,27.99,89,75,2.57,CC,1712449751
11,bethel,41.3712,-73.414,7.52,66,100,3.6,US,1712450018
12,puerto maldonado,-12.6,-69.1833,23.72,98,100,0.43,PE,1712450018
13,bredasdorp,-34.5322,20.0403,16.34,82,86,10.09,ZA,1712449768
14,saudarkrokur,65.7461,-19.6394,-3.28,77,100,11.15,IS,1712449888
15,chibougamau,49.9168,-74.3659,3.79,52,0,2.57,CA,1712450018
16,lauro de freitas,-12.8944,-38.3272,26.27,84,24,4.69,BR,1712450019
17,hobyo,5.3505,48.5268,27.85,72,99,5.37,SO,1712450019
18,loukhi,66.0764,33.0381,-11.35,95,14,3.0,RU,1712449882
19,volchansk,59.9378,60.081,-8.61,85,91,3.94,RU,1712450019
20,port lincoln,-34.7333,135.8667,15.99,62,100,2.94,AU,1712449827
21,am timan,11.0297,20.2827,28.0,60,71,2.13,TD,1712450019
22,puerto natales,-51.7236,-72.4875,4.51,70,38,7.2,CL,1712450020
23,waitangi,-43.9535,-176.5597,13.23,75,89,2.24,NZ,1712450020
24,thompson,55.7435,-97.8558,12.09,32,75,3.09,CA,1712449834
25,bay roberts,47.5999,-53.2648,1.85,95,96,3.58,CA,1712449875
26,adamstown,-25.066,-130.1015,22.82,71,20,3.84,PN,1712449757
27,chonchi,-42.6128,-73.8092,10.62,98,100,0.61,CL,1712450020
28,praia da vitoria,38.7333,-27.0667,15.42,88,75,15.59,PT,1712449967
29,margaret river,-33.95,115.0667,18.81,71,13,6.87,AU,1712449982
30,lihue,21.9789,-159.3672,27.58,76,100,9.26,US,1712450021
31,arraial do cabo,-22.9661,-42.0278,24.05,82,4,2.49,BR,1712450021
32,hawaiian paradise park,19.5933,-154.9731,24.73,75,20,4.12,US,1712450021
33,grytviken,-54.2811,-36.5092,3.89,93,100,6.0,GS,1712450021
34,deutschlandsberg,46.8153,15.2222,14.76,72,40,2.51,AT,1712450021
35,fraserburgh,57.6874,-2.0184,10.24,72,15,9.03,GB,1712450021
36,aswan,24.0934,32.907,22.61,23,0,3.09,EG,1712449358
37,marsh harbour,26.5412,-77.0636,22.29,56,0,6.08,BS,1712450022
38,ad dabbah,18.05,30.95,26.99,14,80,7.33,SD,1712450022
39,edmundston,47.3737,-68.3251,1.13,80,75,4.63,CA,1712450022
40,college,64.8569,-147.8028,4.97,44,75,2.06,US,1712450023
41,nuuk,64.1835,-51.7216,-2.66,86,100,7.2,GL,1712450023
42,la passe,45.5549,-0.8967,16.13,74,100,2.34,FR,1712450023
43,petropavlovsk-kamchatsky,53.0452,158.6483,2.33,73,0,5.81,RU,1712449940
44,kupang,-10.1667,123.5833,31.32,74,20,1.54,ID,1712450023
45,vila velha,-20.3297,-40.2925,25.97,81,20,3.6,BR,1712449947
46,pitimbu,-7.4706,-34.8086,27.71,77,81,4.07,BR,1712450024
47,blackmans bay,-43.0167,147.3167,14.85,93,100,2.11,AU,1712450024
48,kayes,14.0,-11.0,32.27,14,4,2.29,ML,1712450024
49,avarua,-21.2078,-159.775,28.03,74,90,1.03,CK,1712450024
50,fale old settlement,-9.3852,-171.2468,29.09,72,36,1.18,TK,1712449756
51,puerto ayora,-0.7393,-90.3518,25.31,97,90,1.34,EC,1712449854
52,princeville,45.7668,-61.2985,2.09,95,100,5.14,CA,1712450025
53,tucacas,10.7906,-68.3258,26.15,91,93,3.8,VE,1712450025
54,talnakh,69.4865,88.3972,-16.0,93,100,4.0,RU,1712449999
55,bilibino,68.0546,166.4372,-13.22,85,82,1.28,RU,1712449941
56,sisimiut,66.9395,-53.6735,-4.11,91,100,3.07,GL,1712449763
57,anadyr,64.75,177.4833,-17.72,77,0,4.0,RU,1712449980
58,iqaluit,63.7506,-68.5145,-10.15,73,75,9.26,CA,1712449796
59,invercargill,-46.4,168.35,12.23,95,99,1.34,NZ,1712449819
60,thunder bay,48.4001,-89.3168,6.99,33,20,3.6,CA,1712449999
61,thanh hoa,19.8,105.7667,25.67,88,100,2.72,VN,1712450027
62,hithadhoo,-0.6,73.0833,29.28,72,100,4.96,MV,1712450027
63,ballina,-28.8667,153.5667,24.99,81,44,1.73,AU,1712450027
64,enewetak,11.3474,162.3373,27.25,77,90,7.86,MH,1712449978
65,whitehorse,60.7161,-135.0538,4.5,35,75,7.2,CA,1712449944
66,val-d'or,48.1002,-77.7828,5.05,56,0,3.6,CA,1712450027
67,papatowai,-46.5619,169.4708,15.19,69,40,2.95,NZ,1712450028
68,tiksi,71.6872,128.8694,-19.41,87,58,2.75,RU,1712449828
69,cheltenham,51.9,-2.0833,12.13,75,5,4.47,GB,1712450028
70,hamilton,39.1834,-84.5333,11.97,53,100,4.12,US,1712449765
71,vadso,70.0744,29.7487,-6.51,73,100,7.72,NO,1712450028
72,tulun,54.5611,100.5792,2.8,99,100,2.0,RU,1712450029
73,ulsteinvik,62.3432,5.8487,11.5,86,18,6.12,NO,1712449889
74,champerico,14.3,-91.9167,30.3,71,9,3.45,GT,1712449868
75,waingapu,-9.6567,120.2641,28.82,77,100,3.52,ID,1712450029
76,tobelo,1.7284,128.0095,28.15,82,74,3.43,ID,1712450029
77,saipan,15.1355,145.701,30.39,66,40,8.75,MP,1712450029
78,brezina,33.0989,1.2608,17.8,28,100,4.47,DZ,1712449890
79,valdivia,-39.8142,-73.2459,14.05,99,33,0.22,CL,1712449874
80,baotou,40.6522,109.8222,12.83,23,100,3.31,CN,1712450030
81,ancud,-41.8697,-73.8203,13.02,96,100,5.47,CL,1712449963
82,dunedin,-45.8742,170.5036,13.22,82,67,2.04,NZ,1712449852
83,kingston,17.997,-76.7936,29.53,75,40,7.2,JM,1712449904
84,dryden,49.7833,-92.7503,11.16,30,0,4.63,CA,1712450030
85,mukalla,14.5425,49.1242,25.9,71,38,2.95,YE,1712450031
86,cabo san lucas,22.8909,-109.9124,24.17,55,75,2.06,MX,1712449976
87,marang,5.2056,103.2059,24.95,71,10,1.25,MY,1712450031
88,northam,51.0333,-4.2167,9.66,89,0,11.21,GB,1712450031
89,vedaraniyam,10.3667,79.85,27.55,73,100,2.74,IN,1712450031
90,albany,42.6001,-73.9662,6.23,64,64,0.89,US,1712449818
91,uturoa,-16.7333,-151.4333,29.2,76,71,4.66,PF,1712450032
92,tonj,7.2737,28.6822,25.66,73,100,3.29,SS,1712450032
93,stanley,54.868,-1.6985,8.21,84,20,3.09,GB,1712449746
94,hirtshals,57.5881,9.9592,10.95,80,100,8.39,DK,1712450032
95,saint-philippe,-21.3585,55.7679,24.77,85,14,1.57,RE,1712449977
96,luena,-11.7833,19.9167,19.1,94,100,1.03,AO,1712450032
97,bardai,11.65,7.2333,29.51,38,97,1.82,NG,1712450032
98,yampil',51.95,33.7833,10.21,95,100,1.15,UA,1712450033
99,qaqortoq,60.7167,-46.0333,-3.09,79,100,0.78,GL,1712449973
100,mto wa mbu,-3.35,35.85,20.9,93,100,1.23,TZ,1712450033
101,akureyri,65.6835,-18.0878,-2.04,74,100,8.23,IS,1712449768
102,bella union,-30.2752,-57.6007,17.77,84,100,4.94,UY,1712450033
103,adi keyh,14.8444,39.3772,18.03,54,93,2.24,ER,1712450033
104,oxelosund,58.6706,17.1015,3.21,100,100,4.63,SE,1712449754
105,cowra,-33.8333,148.6833,18.82,75,72,4.87,AU,1712450033
106,iwanai,42.9744,140.5089,13.67,43,0,3.17,JP,1712450034
107,selfoss,63.9331,-20.9971,-1.64,43,100,13.93,IS,1712450034
108,kulhudhuffushi,6.6221,73.07,28.84,75,100,4.12,MV,1712450034
109,mazatlan,23.2167,-106.4167,26.98,67,40,2.68,MX,1712449816
110,crane,31.3974,-102.3501,20.59,16,7,13.19,US,1712449830
111,muravlenko,63.7898,74.523,-14.2,91,9,5.31,RU,1712449774
112,taksimo,56.3444,114.8794,-13.64,66,12,0.53,RU,1712450035
113,belmonte,-15.8631,-38.8828,25.66,78,2,3.97,BR,1712450035
114,geraldton,-28.7667,114.6,20.23,100,75,0.51,AU,1712449818
115,ushuaia,-54.8,-68.3,1.81,75,20,2.57,AR,1712449742
116,olonkinbyen,70.9221,-8.7187,-5.52,59,100,6.29,SJ,1712450036
117,piti village,13.4626,144.6933,29.49,78,75,8.75,GU,1712449854
118,ribeira grande,38.5167,-28.7,16.54,94,100,9.39,PT,1712450036
119,alice springs,-23.7,133.8833,20.75,40,4,0.51,AU,1712449980
120,lebu,-37.6167,-73.65,13.03,88,50,2.66,CL,1712449795
121,lerwick,60.1545,-1.1494,9.0,84,76,11.68,GB,1712450037
122,pacocha,-17.5833,-71.3333,20.95,88,78,1.42,PE,1712450037
123,egilsstadir,65.2653,-14.3948,-2.05,93,100,11.32,IS,1712450037
124,port alfred,-33.5906,26.891,19.21,72,100,10.73,ZA,1712449969
125,kodiak,57.79,-152.4072,1.73,93,100,4.63,US,1712449963
126,namibe,-15.1961,12.1522,24.29,72,62,1.91,AO,1712449864
127,hauterive,46.0901,3.4459,18.42,45,100,3.07,FR,1712450038
128,howrah,22.5892,88.3103,29.0,84,75,0.0,IN,1712450038
129,lompoc,34.6391,-120.4579,16.55,59,0,8.23,US,1712450038
130,hasaki,35.7333,140.8333,15.22,96,100,1.57,JP,1712449975
131,wailua homesteads,22.0669,-159.378,27.24,76,100,9.26,US,1712450038
132,abashiri,44.0213,144.2697,15.16,58,40,10.29,JP,1712450038
133,new norfolk,-42.7826,147.0587,15.51,93,100,0.66,AU,1712449827
134,riosucio,5.4216,-75.7032,17.78,97,100,1.06,CO,1712449860
135,fisterra,42.9049,-9.2629,13.19,86,2,6.1,ES,1712450039
136,st. john's,47.5649,-52.7093,1.65,95,100,5.66,CA,1712449802
137,vanino,49.0869,140.2543,8.29,78,100,2.7,RU,1712449938
138,san patricio,28.017,-97.5169,24.05,82,100,7.89,US,1712449958
139,ono,34.85,134.9333,17.73,75,100,0.82,JP,1712450039
140,duba,27.3513,35.6901,23.35,60,0,4.24,SA,1712450039
141,elko,41.0002,-115.5012,3.01,54,100,4.47,US,1712450039
142,zhaqsy,51.9083,67.3133,2.16,98,100,3.79,KZ,1712450040
143,thabazimbi,-24.5917,27.4116,17.74,90,59,2.3,ZA,1712450040
144,san antonio de pale,-1.4014,5.6325,28.47,79,77,3.61,GQ,1712449781
145,oranjemund,-28.55,16.4333,14.56,89,44,5.77,NA,1712450040
146,brush,40.2589,-103.6238,8.57,31,40,12.86,US,1712449805
147,viborg,56.4532,9.402,15.0,72,100,5.46,DK,1712450040
148,klyuchi,52.2667,79.1667,8.96,73,100,3.69,RU,1712450040
149,yellowknife,62.456,-114.3525,2.29,75,75,5.66,CA,1712449970
150,dhidhdhoo,6.8833,73.1,28.85,74,99,3.97,MV,1712450041
151,tromso,69.6496,18.957,-2.99,63,20,7.2,NO,1712449877
152,afaahiti,-17.75,-149.2833,30.93,80,82,4.57,PF,1712449781
153,gorontalo,0.5412,123.0595,27.97,89,100,0.69,ID,1712450042
154,iskateley,67.6803,53.1512,-6.1,94,100,6.71,RU,1712450042
155,shizunai-furukawacho,42.3339,142.3669,6.92,97,100,6.45,JP,1712450042
156,karacabey,40.2152,28.4038,11.21,61,51,0.95,TR,1712450042
157,namtsy,62.7161,129.6658,-11.35,88,100,3.5,RU,1712450042
158,thala,35.5724,8.6703,15.66,28,0,2.57,TN,1712450043
159,lianran,24.9227,102.485,16.3,36,4,5.63,CN,1712450043
160,rantauprapat,2.1,99.8333,25.81,92,30,0.23,ID,1712450043
161,jamestown,42.097,-79.2353,6.8,61,0,3.6,US,1712450043
162,hermanus,-34.4187,19.2345,16.56,78,79,12.49,ZA,1712450043
163,keflavik,64.0049,-22.5624,-1.76,64,0,12.35,IS,1712449759
164,jhawarian,32.3614,72.6228,21.4,23,5,0.62,PK,1712450044
165,xinyuan,37.3,99.0,-2.72,71,57,0.61,CN,1712450044
166,aasiaat,68.7098,-52.8699,-7.35,90,100,1.05,GL,1712450045
167,ta`u,-14.2336,-169.5144,28.79,72,91,2.15,AS,1712449845
168,puerto colombia,10.9878,-74.9547,28.05,89,93,7.55,CO,1712450045
169,ilulissat,69.2167,-51.1,-4.99,68,100,2.06,GL,1712450045
170,udachny,66.4167,112.4,-11.42,82,99,9.79,RU,1712450045
171,the pas,53.8251,-101.2541,11.01,40,40,7.72,CA,1712450046
172,kanel,15.4916,-13.1763,32.0,27,0,3.09,SN,1712450046
173,campo gallo,-26.5833,-62.85,23.28,92,94,2.21,AR,1712450046
174,ponta delgada,37.7333,-25.6667,16.4,77,75,8.75,PT,1712450046
175,as sulayyil,20.4607,45.5779,25.14,30,17,4.14,SA,1712449871
176,chemin grenier,-20.4872,57.4656,24.77,89,5,2.42,MU,1712450046
177,astrakhan,46.3497,48.0408,4.93,81,0,2.0,RU,1712450047
178,kapa'a,22.0752,-159.319,27.99,76,100,9.26,US,1712450047
179,buala,-8.145,159.5921,26.53,85,100,3.6,SB,1712450047
180,sur,22.5667,59.5289,26.59,37,1,4.15,OM,1712449798
181,bocas del toro,9.3333,-82.25,25.59,84,100,3.38,PA,1712450047
182,glasgow,55.8652,-4.2576,10.67,77,40,10.29,GB,1712450048
183,okha,53.5739,142.9478,0.7,90,100,3.13,RU,1712449856
184,devonport,-41.1667,146.35,15.85,95,100,3.03,AU,1712450027
185,jamtara,23.95,86.8,29.36,24,100,3.54,IN,1712450048
186,blackstone,42.0179,-71.5412,5.1,91,100,6.17,US,1712450048
187,saint-pierre,-21.3393,55.4781,24.82,78,0,2.06,RE,1712449974
188,seydi,39.4816,62.9137,15.05,45,60,3.28,TM,1712450048
189,tommot,58.9564,126.2925,-13.85,92,100,4.2,RU,1712450048
190,punta arenas,-53.15,-70.9167,4.01,87,40,4.63,CL,1712450049
191,ivdel',60.6911,60.4206,-6.65,88,75,1.34,RU,1712450049
192,villa gesell,-37.2639,-56.973,18.92,73,100,6.1,AR,1712450049
193,tutoia,-2.7619,-42.2744,26.43,87,100,1.99,BR,1712450049
194,ola,59.5833,151.2833,-5.48,77,10,1.42,RU,1712450049
195,farah,32.5,62.5,18.76,22,0,1.24,AF,1712450049
196,aketi,2.7388,23.7833,21.47,99,100,0.38,CD,1712450050
197,alakurtti,66.9672,30.3491,-17.8,100,91,1.19,RU,1712449886
198,conde,-7.2597,-34.9075,26.26,82,78,3.4,BR,1712450050
199,tura,25.5198,90.2201,25.76,75,58,2.66,IN,1712450050
200,nhlangano,-27.1167,31.2,15.08,99,100,1.45,SZ,1712450050
201,kapuskasing,49.4169,-82.4331,5.05,45,0,3.6,CA,1712449868
202,morozovsk,48.3539,41.8261,8.23,59,32,1.22,RU,1712450051
203,plastun,44.7561,136.2939,12.29,33,2,5.99,RU,1712450051
204,dudinka,69.4058,86.1778,-15.77,90,100,6.3,RU,1712449959
205,erenhot,43.6475,111.9767,10.13,34,57,3.17,CN,1712450052
206,alaghsas,17.0187,8.0168,30.45,10,96,3.36,NE,1712450052
207,broken hill,-31.95,141.4333,18.96,48,0,5.72,AU,1712449823
208,guarapari,-20.6667,-40.4975,25.5,74,0,2.37,BR,1712449813
209,luderitz,-26.6481,15.1594,13.44,89,0,3.26,NA,1712449764
210,visby,57.6409,18.296,3.23,100,40,6.17,SE,1712450052
211,rongelap,11.1635,166.8941,27.25,79,100,9.25,MH,1712450053
212,san antonio oeste,-40.7319,-64.9477,18.15,56,10,1.49,AR,1712449826
213,karasburg,-28.0167,18.75,9.15,79,3,5.45,NA,1712450054
214,sinabang,2.4803,96.3801,27.47,82,71,0.54,ID,1712449860
215,paramonga,-10.6667,-77.8333,22.25,88,92,4.07,PE,1712450054
216,yerofey pavlovich,53.9667,121.9667,-14.4,54,100,5.09,RU,1712450054
217,isafjordur,66.0755,-23.124,-4.77,79,100,14.8,IS,1712450054
218,tolanaro,-25.0319,46.9987,23.04,94,0,1.03,MG,1712449874
219,norilsk,69.3535,88.2027,-15.88,90,100,4.83,RU,1712450055
220,codrington,-38.2667,141.9667,17.09,83,100,5.75,AU,1712450055
221,kruisfontein,-34.0033,24.7314,16.6,81,100,7.52,ZA,1712450055
222,tessaoua,13.7574,7.9874,28.56,40,100,1.76,NE,1712450055
223,pangobilian,8.8011,117.8594,30.96,60,99,3.83,PH,1712450055
224,newman,37.3138,-121.0208,17.38,52,68,1.79,US,1712450055
225,badger,64.8,-147.5333,4.93,46,0,2.06,US,1712449968
226,caleta de carquin,-11.0925,-77.6267,22.32,87,91,4.65,PE,1712450056
227,misratah,32.3754,15.0925,17.14,62,0,2.33,LY,1712450056
228,neelankarai,12.9455,80.2575,27.26,89,20,2.06,IN,1712450056
229,georgetown,5.4112,100.3354,28.96,83,20,1.03,MY,1712449365
230,greenland,43.0362,-70.8328,4.83,84,100,5.14,US,1712450056
231,hirara,24.8,125.2833,22.15,100,75,4.63,JP,1712450056
232,labytnangi,66.6572,66.4183,-9.23,86,100,3.66,RU,1712450057
233,la'ie,21.6477,-157.9253,26.98,71,4,7.6,US,1712449875
234,puerto real,36.5282,-6.1901,18.47,88,0,3.6,ES,1712450057
235,angaur state,6.906,134.13,28.1,78,88,7.0,PW,1712449876
236,tosontsengel,48.7567,98.2839,-0.9,82,62,0.17,MN,1712450057
237,villa san giovanni,38.2276,15.6386,17.57,57,3,4.63,IT,1712450057
238,selendi,38.7444,28.8678,10.96,60,12,0.97,TR,1712450058
239,garbsen-mitte,52.4266,9.6038,21.1,56,0,3.09,DE,1712450058
240,gamawa,12.1343,10.5396,26.77,15,36,0.63,NG,1712450058
241,beberibe,-4.1797,-38.1306,25.58,88,100,2.49,BR,1712450058
242,alofi,-19.0595,-169.9187,27.94,78,75,6.69,NU,1712449979
243,fort st. john,56.2499,-120.8529,11.94,20,40,4.63,CA,1712449806
244,nova sintra,14.8667,-24.7167,23.96,74,84,3.42,CV,1712450058
245,port douglas,-16.4833,145.4667,28.5,77,100,2.8,AU,1712450059
246,novoagansk,61.9449,76.6625,-14.12,93,8,2.91,RU,1712450059
247,polyarnyy,69.1989,33.4478,-14.06,95,91,3.45,RU,1712449999
248,thinadhoo,0.5333,72.9333,28.84,75,97,5.4,MV,1712450059
249,preobrazheniye,42.9019,133.9064,12.98,40,0,5.11,RU,1712450059
250,muli,2.9167,73.5667,28.87,73,100,3.65,MV,1712450059
251,kambove,-10.8764,26.5969,16.9,97,100,1.26,CD,1712450059
252,berdigestyakh,62.0989,126.6992,-12.61,89,100,4.25,RU,1712450060
253,kuala terengganu,5.3302,103.1408,24.97,94,20,2.06,MY,1712449982
254,sao vicente,-23.9631,-46.3919,25.15,26,100,0.89,BR,1712450060
255,samfya,-11.3649,29.5565,19.27,94,100,2.73,ZM,1712450060
256,chivhu,-19.0211,30.8922,17.14,91,100,4.68,ZW,1712450060
257,taounate,34.5,-4.8333,17.29,77,100,2.76,MA,1712450060
258,zhaobaoshan,29.9695,121.6875,14.01,96,100,1.22,CN,1712450061
259,sekong,-6.3996,106.0252,26.72,80,24,1.56,ID,1712450061
260,kalabo,-14.97,22.6814,19.44,90,100,1.69,ZM,1712450061
261,bunde,53.1833,7.2667,17.17,79,100,4.68,DE,1712450061
262,aginskoye,51.1,114.53,-6.15,54,92,4.73,RU,1712450061
263,guerrero negro,27.9769,-114.0611,17.39,51,0,7.87,MX,1712449790
264,margate,51.3813,1.3862,13.28,84,100,5.36,GB,1712449870
265,tarata,-17.6167,-66.0167,18.68,69,100,2.04,BO,1712450062
266,korla,41.7597,86.1469,10.64,44,13,3.55,CN,1712449837
267,daru,-9.0763,143.2092,29.9,74,37,0.55,PG,1712450063
268,shujaabad,29.8797,71.2931,22.03,20,0,2.59,PK,1712450063
269,broome,42.2506,-75.833,7.21,71,100,5.66,US,1712449780
270,alo,7.4178,6.7371,26.67,77,100,0.91,NG,1712450063
271,haiku-pauwela,20.9219,-156.3051,24.01,81,40,8.23,US,1712449833
272,cadale,2.7603,46.3222,28.82,76,100,4.64,SO,1712450063
273,mongo,12.1844,18.693,29.66,49,97,1.52,TD,1712450064
274,qaryat suluq,31.6682,20.2521,14.81,80,0,3.62,LY,1712450064
275,port elizabeth,-33.918,25.5701,17.83,83,100,0.89,ZA,1712450064
276,dakhla,23.6848,-15.958,19.01,100,75,5.66,EH,1712450064
277,sandnessjoen,66.0217,12.6316,-1.71,70,100,10.94,NO,1712450064
278,yuzhno-kurilsk,44.0306,145.8556,2.43,88,99,6.4,RU,1712449796
279,bugembe,0.4797,33.2344,18.75,95,100,2.02,UG,1712450065
280,miguel ahumada,30.6167,-106.5167,17.95,18,0,10.88,MX,1712450065
281,ebaye,8.7748,167.7392,31.01,70,40,7.72,MH,1712450065
282,khvoynaya,58.9,34.5333,1.86,98,100,2.3,RU,1712450065
283,port mathurin,-19.6833,63.4167,26.05,89,75,5.14,MU,1712450065
284,tofol,5.3248,163.0078,29.88,70,75,5.14,FM,1712450066
285,gazli,40.1333,63.45,14.72,47,55,3.01,UZ,1712450066
286,jalpan,21.2333,-99.4833,26.23,39,100,3.18,MX,1712450066
287,siniscola,40.5719,9.6922,8.75,64,0,2.07,IT,1712450066
288,ugoofaaru,5.6667,73.0,28.5,77,63,2.59,MV,1712450066
289,boa vista,2.8197,-60.6733,29.99,62,20,2.06,BR,1712450066
290,kavieng,-2.5744,150.7967,27.51,82,100,5.68,PG,1712450067
291,simanggang,1.2472,111.4528,23.99,94,20,1.03,MY,1712450068
292,wladyslawowo,54.7909,18.4009,11.63,98,95,4.53,PL,1712450068
293,bloemfontein,-29.1211,26.214,14.71,82,58,5.14,ZA,1712449812
294,la rinconada,37.4873,-5.9826,20.59,73,100,0.45,ES,1712450069
295,bandar-e anzali,37.4727,49.4622,12.01,78,100,2.42,IR,1712450042
296,paharpur,32.1038,70.9724,22.61,20,0,3.27,PK,1712450069
297,lamu,-2.2717,40.902,27.74,83,100,4.02,KE,1712450069
298,chauk,20.8833,94.8167,31.42,52,10,4.08,MM,1712450069
299,gamboma,-1.8764,15.8644,23.8,88,100,0.53,CG,1712450070
300,harper,4.375,-7.7169,27.45,84,85,1.91,LR,1712449783
301,pyt-yakh,60.7499,72.8582,-14.08,91,8,1.18,RU,1712450070
302,djenne,13.9061,-4.5533,35.78,26,100,1.81,ML,1712450070
303,omaruru,-21.4333,15.9333,19.42,45,3,1.3,NA,1712450070
304,lev tolstoy,53.2134,39.446,4.91,77,11,1.88,RU,1712449939
305,cheremushki,52.8356,91.3944,8.3,85,92,1.59,RU,1712450071
306,takoradi,4.8845,-1.7554,27.47,86,9,2.18,GH,1712450000
307,vorkuta,67.5,64.0,-9.38,93,100,6.26,RU,1712450071
308,manta,-0.95,-80.7333,26.88,74,20,3.58,EC,1712449819
309,basco,20.4487,121.9702,27.65,80,6,9.59,PH,1712450072
310,weno,7.4515,151.8468,28.97,84,100,6.69,FM,1712450072
311,chipinge,-20.1883,32.6236,18.23,96,100,1.67,ZW,1712450072
312,colonia,50.9333,6.95,21.09,46,0,2.57,DE,1712449896
313,copiapo,-27.3667,-70.3333,12.83,60,0,0.91,CL,1712449945
314,pangody,65.85,74.4859,-12.2,92,16,6.02,RU,1712450073
315,burley,42.5357,-113.7928,4.98,64,40,10.8,US,1712450001
316,east london,-33.0153,27.9116,19.12,70,100,7.67,ZA,1712450073
317,peniche,39.3558,-9.3811,14.69,94,59,3.07,PT,1712450073
318,souillac,-20.5167,57.5167,25.21,94,20,1.54,MU,1712449864
319,ratnagiri,16.9833,73.3,25.97,62,5,2.08,IN,1712450074
320,westport,41.1415,-73.3579,8.9,59,100,8.75,US,1712449795
321,placer,39.0666,-120.7677,9.05,64,100,1.79,US,1712450074
322,belgrade,44.804,20.4651,15.81,63,0,1.54,RS,1712449239
323,vlore,40.4667,19.4897,14.56,71,31,3.03,AL,1712450074
324,melekeok village,7.4957,134.6367,30.31,70,75,4.12,PW,1712450074
325,kailua-kona,19.6406,-155.9956,26.98,83,0,6.69,US,1712449814
326,katsuura,35.1333,140.3,15.59,91,100,4.6,JP,1712450075
327,kibakwe,-6.7167,36.3667,16.86,95,67,1.23,TZ,1712450075
328,fada,9.5667,8.3,24.81,62,66,1.37,NG,1712450075
329,bulawayo,-20.15,28.5833,17.12,95,100,4.39,ZW,1712450012
330,island harbour,50.724,-1.2758,12.39,83,6,5.36,GB,1712449966
331,gargalianoi,37.0667,21.6333,14.64,69,81,3.29,GR,1712450076
332,inari,68.906,27.0288,-12.89,93,10,1.96,FI,1712450076
333,kamiiso,41.8167,140.65,11.21,66,0,2.57,JP,1712450076
334,la sarre,48.8002,-79.1996,0.46,89,100,2.92,CA,1712450022
335,chichimila,20.6167,-88.2167,33.03,63,0,3.3,MX,1712450076
336,pacific grove,36.6177,-121.9166,15.49,63,0,4.63,US,1712449803
337,obala,4.1667,11.5333,22.53,93,100,0.65,CM,1712450076
338,choyr,46.3611,108.3611,7.27,47,96,1.57,MN,1712450077
339,acapulco de juarez,16.8634,-99.8901,26.9,74,0,5.14,MX,1712449843
340,punta del este,-34.9667,-54.95,20.06,82,0,3.13,UY,1712449911
341,amahai,-3.3333,128.9167,28.35,76,100,0.52,ID,1712450077
342,malvan,16.0667,73.4667,25.88,74,4,4.75,IN,1712450077
343,lorengau,-2.0226,147.2712,28.9,78,100,4.2,PG,1712450077
344,port augusta,-32.5,137.7667,18.81,58,96,4.98,AU,1712450050
345,port saint john's,-31.6229,29.5448,19.17,82,100,3.45,ZA,1712450078
346,bojnurd,37.4747,57.329,8.97,76,0,0.0,IR,1712450078
347,colonel hill,22.7667,-74.2167,24.11,71,0,5.24,BS,1712450078
348,florence,43.7667,11.25,15.05,79,0,0.51,IT,1712449796
349,buy,58.4786,41.53,0.95,92,100,2.99,RU,1712450078
350,nemuro,43.3236,145.575,4.73,89,100,7.76,JP,1712450079
351,constantia,44.1833,28.65,11.5,91,100,2.65,RO,1712449991
352,chegdomyn,51.1167,133.0167,-4.79,88,100,4.91,RU,1712449938
353,santiago de la pena,20.95,-97.4,29.9,73,78,6.32,MX,1712449791
354,mersing,2.4312,103.8405,24.95,94,20,1.54,MY,1712450079
355,oulad teima,30.3947,-9.209,16.6,84,82,1.5,MA,1712450079
356,tieling,42.2931,123.8414,15.99,40,3,3.99,CN,1712450079
357,melfi,40.9965,15.6514,10.83,79,0,2.37,IT,1712450080
358,mili,6.0815,171.735,28.04,80,97,9.73,MH,1712450080
359,ntui,4.45,11.6333,22.69,88,76,0.43,CM,1712450081
360,vernon,50.2581,-119.2691,14.4,32,52,3.58,CA,1712449815
361,markovo,57.3206,107.0881,-5.35,82,32,1.26,RU,1712450081
362,shimoda,34.6667,138.95,17.84,78,100,3.7,JP,1712450081
363,susuman,62.7833,148.1667,-16.12,93,59,0.45,RU,1712449961
364,hammerfest,70.6634,23.6821,-1.75,86,100,5.66,NO,1712450082
365,devils lake,48.1128,-98.8651,13.3,32,0,8.23,US,1712449884
366,de queen,34.0379,-94.3413,24.47,46,100,2.57,US,1712450003
367,ulan-ude,51.8261,107.6098,4.94,70,100,2.0,RU,1712450082
368,nagqu,31.5,92.0,-1.08,35,100,3.04,CN,1712449827
369,sanctuary point,-35.1114,150.629,23.19,68,98,2.12,AU,1712450082
370,gumdag,39.2061,54.5906,16.78,38,100,5.29,TM,1712450083
371,pisco,-13.7,-76.2167,23.03,78,100,7.72,PE,1712449842
372,revda,56.801,59.9303,-3.07,68,100,5.52,RU,1712449890
373,siwa oasis,29.2041,25.5195,17.97,40,0,3.32,EG,1712450083
374,kapit,2.0167,112.9333,23.11,100,100,0.41,MY,1712450083
375,khash,28.2211,61.2158,16.67,18,0,0.46,IR,1712449842
376,sao jose da coroa grande,-8.8978,-35.1478,27.18,81,43,3.05,BR,1712450083
377,ust-tsilma,65.441,52.1498,-4.66,94,100,4.92,RU,1712450084
378,solvang,34.5958,-120.1377,16.19,55,0,5.14,US,1712450084
379,at taj,24.2049,23.2857,17.77,24,0,3.57,LY,1712449854
380,acarau,-2.8856,-40.12,26.25,85,100,2.28,BR,1712449877
381,gondar,12.6,37.4667,20.57,44,95,2.01,ET,1712450084
382,reggane,26.7158,0.1714,28.64,10,7,5.28,DZ,1712450085
383,morehead city,34.7229,-76.726,13.32,61,0,1.54,US,1712450009
384,yokadouma,3.5167,15.05,21.91,89,100,0.44,CM,1712450085
385,fort mcmurray,56.7268,-111.381,2.77,87,100,1.54,CA,1712449828
386,novodvinsk,64.4165,40.8122,-4.01,93,100,4.36,RU,1712450085
387,karratha,-20.7377,116.8463,29.8,19,100,6.17,AU,1712450085
388,gornozavodsk,58.3758,58.3211,-4.91,91,100,4.91,RU,1712450086
389,shangqiu,34.45,115.65,15.7,46,99,2.87,CN,1712450086
390,hsinchu,24.8036,120.9686,21.61,96,100,0.45,TW,1712449888
391,anahuac,27.2333,-100.15,30.32,24,100,4.86,MX,1712450086
392,bhabhua,25.05,83.6167,27.11,28,100,2.22,IN,1712450086
393,rabo de peixe,37.8,-25.5833,15.73,77,75,8.75,PT,1712450086
394,sao gabriel da cachoeira,-0.1303,-67.0892,23.59,98,100,0.83,BR,1712450087
395,kili,5.6439,169.1211,28.25,82,98,9.17,MH,1712450087
396,nar'yan-mar,67.6713,53.087,-6.05,94,100,6.71,RU,1712449984
397,zaozersk,69.4005,32.4476,-14.97,93,30,3.36,RU,1712450087
398,nahiyat al fuhud,30.9697,46.7228,24.89,31,30,4.77,IQ,1712450087
399,yarmouth,41.7057,-70.2286,4.44,90,100,13.86,US,1712450087
400,coyhaique,-45.5752,-72.0662,9.97,50,40,3.09,CL,1712449842
401,abbeville,50.1,1.8333,16.25,83,100,7.93,FR,1712449816
402,turkmenbasy,40.0222,52.9552,12.43,82,0,2.06,TM,1712450088
403,zhangjiajie,29.1294,110.4783,13.54,93,100,0.3,CN,1712450088
404,folkestone,51.0833,1.1833,13.88,94,100,11.62,GB,1712450013
405,atbara,17.7022,33.9864,28.41,14,25,9.42,SD,1712450089
406,chernyshevskiy,63.0128,112.4714,-15.32,92,100,3.17,RU,1712450089
407,fort erie,42.9001,-78.9329,9.21,67,20,4.12,CA,1712450089
408,genhe,50.7833,121.5167,-7.58,58,100,4.99,CN,1712450090
409,lethem,3.3803,-59.7968,27.88,59,87,3.26,GY,1712450090
410,severnoye,56.3491,78.3619,-2.79,81,93,7.15,RU,1712450090
411,curillo,1.0333,-75.9191,23.21,93,100,1.1,CO,1712450090
412,rio grande,-32.035,-52.0986,20.53,65,100,6.54,BR,1712449816
413,irymple,-34.25,142.1667,17.27,85,12,0.45,AU,1712450090
414,emerald,-23.5333,148.1667,25.19,78,100,5.64,AU,1712449937
415,puerto baquerizo moreno,-0.9,-89.6,24.91,84,46,2.93,EC,1712449809
416,yabrud,33.9674,36.6574,8.85,54,6,2.37,SY,1712450091
417,fort frances,48.5999,-93.4003,11.12,30,0,6.69,CA,1712450091
418,ambovombe,-25.1667,46.0833,21.3,94,50,1.51,MG,1712449875
419,mizdah,31.4451,12.9801,14.12,34,0,2.34,LY,1712450092
420,saint-georges,12.0564,-61.7485,27.82,83,20,5.14,GD,1712450044
421,taltal,-25.4,-70.4833,19.39,80,29,1.46,CL,1712449862
422,adler,43.43,39.92,8.09,87,1,0.0,RU,1712450092
423,eyl,7.9803,49.8164,26.63,74,100,3.73,SO,1712450092
424,san juan de miraflores,-12.1629,-76.9635,25.65,71,83,4.25,PE,1712450092
425,tralee,52.2704,-9.7026,7.34,84,18,8.05,IE,1712449856
426,homer,59.6425,-151.5483,5.94,48,0,2.57,US,1712450093
427,antofagasta,-23.65,-70.4,19.6,86,46,2.76,CL,1712449494
428,terrace,54.5163,-128.6035,6.79,93,75,3.09,CA,1712450093
429,vilyuchinsk,52.9306,158.4028,3.15,84,79,1.92,RU,1712449836
430,kuna,43.4918,-116.4201,8.44,66,75,2.06,US,1712449992
431,xining,36.6167,101.7667,4.41,78,90,0.84,CN,1712450093
432,jincheng,35.5022,112.8328,16.95,45,100,0.64,CN,1712450093
433,kerikeri,-35.2268,173.9474,18.58,61,100,4.5,NZ,1712449969
434,armidale,-30.5167,151.65,20.65,54,0,3.52,AU,1712449865
435,mopti,14.6667,-4.0,34.55,23,83,4.12,ML,1712450094
436,padina,45.1181,20.7272,15.92,76,100,1.76,RS,1712450094
437,gobabis,-22.45,18.9667,20.26,43,25,2.22,NA,1712450094
438,gunjur,13.2019,-16.7339,20.04,83,0,6.24,GM,1712450094
439,rocky mountain house,52.3668,-114.9188,7.06,57,100,2.06,CA,1712450095
440,shenjiamen,29.9576,122.298,12.65,93,100,1.8,CN,1712450095
441,san julian,21.0167,-102.1667,22.76,21,100,4.01,MX,1712450095
442,tazovsky,67.4667,78.7,-9.83,82,50,8.27,RU,1712450095
443,perry,37.2506,-83.1999,13.1,77,17,1.73,US,1712450095
444,cooma,-36.2333,149.1333,16.02,79,100,2.05,AU,1712450095
445,kurumkan,54.3,110.3,-4.93,56,13,1.79,RU,1712450095
446,canacona,14.9959,74.0506,28.74,79,98,3.63,IN,1712450096
447,elmadag,39.9208,33.2308,7.41,64,13,1.83,TR,1712450096
448,anloga,5.7947,0.8973,28.37,83,100,3.5,GH,1712450096
449,macau,22.2006,113.5461,26.89,94,40,4.12,MO,1712450096
450,campbell river,50.0163,-125.2446,10.25,87,100,2.06,CA,1712450036
451,guerrero,17.6667,-100.0,23.77,45,6,1.95,MX,1712450096
452,mil'kovo,55.6078,37.7956,4.22,94,100,2.84,RU,1712450096
453,kharkhorin,47.1975,102.8238,6.99,54,46,0.33,MN,1712450097
454,soio,-6.1349,12.3689,25.93,92,100,2.58,AO,1712449966
455,nenjiang,49.1833,125.2167,-0.99,46,100,2.42,CN,1712450097
456,kampong chhnang,12.1667,104.55,30.72,60,9,4.44,KH,1712450097
457,aykhal,66.0,111.5,-12.7,92,100,11.44,RU,1712450097
458,akyazi,40.685,30.6222,3.1,54,99,0.9,TR,1712450098
459,mirny,62.5353,113.9611,-17.09,92,24,2.68,RU,1712449834
460,sosnovo-ozerskoye,52.5249,111.5418,-1.31,39,9,2.85,RU,1712450098
461,bowen,-20.0167,148.2333,28.18,77,8,4.05,AU,1712450099
462,miles city,46.4083,-105.8406,7.54,70,100,10.8,US,1712450099
463,cockburn town,21.4612,-71.1419,25.98,73,40,2.57,TC,1712449853
464,richards bay,-28.783,32.0377,20.76,83,100,3.86,ZA,1712449848
465,dauphin,51.1494,-100.0502,9.08,57,0,5.66,CA,1712449916
466,auki,-8.7676,160.7034,29.28,73,81,2.73,SB,1712450099
467,bel ombre,-4.6167,55.4167,28.91,74,40,1.03,SC,1712449876
468,kabinda,-6.1333,24.4833,19.71,97,100,1.24,CD,1712450100
469,gadzhiyevo,69.2551,33.3362,-13.87,95,92,3.33,RU,1712449997
470,kudahuvadhoo,2.6708,72.8944,28.77,77,100,3.85,MV,1712450100
471,comodoro rivadavia,-45.8667,-67.5,13.92,77,0,5.66,AR,1712449970
472,san andres,12.5847,-81.7006,29.01,79,40,5.66,CO,1712450100
473,murygino,58.7383,49.4582,-2.58,97,88,1.68,RU,1712450100
474,sweetwater,25.7634,-80.3731,25.01,57,0,5.14,US,1712449818
475,uitenhage,-33.7576,25.3971,17.45,81,100,6.59,ZA,1712450101
476,touros,-5.1989,-35.4608,26.13,86,100,3.83,BR,1712449964
477,bathsheba,13.2167,-59.5167,27.34,83,20,5.66,BB,1712450101
478,happy valley-goose bay,53.3168,-60.3315,-0.83,74,20,1.54,CA,1712450101
479,carrollton,32.9537,-96.8903,24.67,62,75,10.8,US,1712449807
480,sal rei,16.1833,-22.9167,21.41,86,100,7.76,CV,1712450101
481,yen vinh,18.6667,105.6667,26.47,82,52,1.79,VN,1712449958
482,sukumo,32.9333,132.7333,17.09,82,100,1.64,JP,1712450102
483,mount isa,-20.7333,139.5,25.87,36,79,7.72,AU,1712449832
484,chardara,41.2547,67.9692,12.32,77,0,3.29,KZ,1712450102
485,el calafate,-50.3408,-72.2768,4.66,67,3,5.43,AR,1712449958
486,jinchang,38.4953,102.1739,10.78,50,9,1.46,CN,1712449864
487,jayapura,-2.5333,140.7,28.66,79,51,2.61,ID,1712449861
488,dolzhanskaya,46.6311,37.8039,10.55,63,66,1.99,RU,1712450103
489,primero de mayo,-32.2552,-58.4228,14.29,94,100,4.47,AR,1712450103
490,kismayo,-0.3582,42.5454,28.89,73,100,4.08,SO,1712449986
491,beykonak,36.3257,30.303,18.34,39,100,2.52,TR,1712450103
492,shingu,33.7333,135.9833,16.82,79,100,0.8,JP,1712449871
493,nuku'alofa,-21.1333,-175.2,28.19,69,75,7.2,TO,1712450103
494,jose maria morelos,23.3952,-103.8984,16.53,31,100,8.18,MX,1712450103
495,laguna,38.421,-121.4238,16.89,42,20,3.6,US,1712450104
496,khandyga,62.6667,135.6,-6.19,92,100,0.88,RU,1712450104
497,loango,-4.6719,11.8312,26.81,83,20,1.54,CG,1712450104
498,fortuna,40.5982,-124.1573,10.51,71,100,3.6,US,1712450104
499,rosarito,32.3333,-117.0333,17.18,56,0,4.1,MX,1712449806
500,kazanskoye,55.6448,69.235,-4.18,65,53,4.57,RU,1712450104
501,fortaleza,-3.7227,-38.5247,28.45,83,0,1.03,BR,1712449963
502,ofunato,39.0717,141.7167,14.53,82,82,2.05,JP,1712450105
503,sidi ifni,29.3797,-10.173,17.92,94,100,5.46,MA,1712450105
504,naracoorte,-36.9579,140.7383,16.73,69,100,4.42,AU,1712450105
505,ocean shores,46.9737,-124.1563,10.57,81,75,4.63,US,1712450105
506,keelung,25.1283,121.7419,23.94,93,100,3.13,TW,1712449880
507,keelakarai,9.2333,78.7833,29.2,73,100,2.26,IN,1712450105
508,belabo,4.9333,13.3,21.13,92,98,0.61,CM,1712450106
509,khovd,48.0056,91.6419,6.51,44,17,1.76,MN,1712450106
510,pionerskiy,54.9508,20.2275,6.75,94,97,3.6,RU,1712450106
511,puerto deseado,-47.7503,-65.8938,9.49,70,0,3.97,AR,1712450106
512,timimoun,29.2639,0.231,27.21,11,68,8.23,DZ,1712450106
513,minas de marcona,-15.2119,-75.1103,17.49,83,99,4.71,PE,1712450106
514,rocha,-34.4833,-54.3333,15.99,79,100,3.16,UY,1712449875
515,belyy yar,53.6039,91.3903,2.94,81,0,3.0,RU,1712450107
516,lata,40.1629,-8.3327,14.9,89,100,0.89,PT,1712450107
517,uttar char fasson,22.2332,90.7132,28.0,85,10,4.63,BD,1712450107
518,virginia beach,36.8529,-75.978,12.79,51,75,6.17,US,1712449632
519,bella vista,36.4295,-94.2316,22.5,38,100,9.77,US,1712449999
520,ust-nera,64.5667,143.2,-9.11,85,66,1.38,RU,1712450108
521,poso,-1.3959,120.7524,26.4,90,100,1.35,ID,1712450108
522,candido mota,-22.7464,-50.3869,20.03,74,0,7.27,BR,1712449924
523,monrovia,6.3005,-10.7969,27.87,88,91,1.91,LR,1712450109
524,kenai,60.5544,-151.2583,6.05,51,100,4.63,US,1712449869
525,as salamiyah,35.0113,37.0532,11.94,89,7,3.98,SY,1712450109
526,palikir - national government center,6.9248,158.1611,31.41,66,75,5.14,FM,1712450109
527,villa ocampo,-28.4875,-59.3551,18.81,89,4,4.65,AR,1712450048
528,tenenkou,14.4572,-4.9169,34.16,32,76,2.56,ML,1712450109
529,al kharijah,25.4514,30.5464,18.0,24,0,4.12,EG,1712450109
530,antsohihy,-14.8796,47.9875,23.96,92,15,1.05,MG,1712450110
531,kashmar,35.2383,58.4656,16.98,40,4,4.83,IR,1712450110
532,bamboo flat,11.7,92.7167,25.05,94,73,1.03,IN,1712450110
533,sarupathar,26.1984,93.8094,22.08,79,28,2.66,IN,1712450110
534,pangai,-19.8,-174.35,29.06,70,40,8.23,TO,1712450110
535,usogorsk,63.4106,48.6872,-5.74,84,100,4.89,RU,1712450111
536,chosica,-11.9431,-76.7094,21.02,82,80,1.47,PE,1712450111
537,manicore,-5.8092,-61.3003,24.05,97,100,1.2,BR,1712450111
538,diego de almagro,-26.3667,-70.05,18.8,58,0,0.99,CL,1712450111
539,kidal,18.4411,1.4078,28.16,8,1,3.17,ML,1712450111
540,chamical,-30.36,-66.314,18.89,84,100,3.19,AR,1712450111
541,firuzabad,28.8438,52.5707,15.46,34,49,1.47,IR,1712449850
542,garissa,-0.4536,39.6401,26.62,81,100,3.6,KE,1712450112
543,floro,61.5996,5.0328,11.04,81,100,8.75,NO,1712450112
544,blackwater,-23.5833,148.8833,27.73,64,4,3.74,AU,1712450112
545,chernomorskoye,45.5039,32.6997,10.71,78,60,4.24,UA,1712450112
546,naze,28.3667,129.4833,19.51,92,100,1.78,JP,1712450112
547,porto novo,6.4965,2.6036,28.9,84,100,1.87,BJ,1712449857
548,eastham,41.8301,-69.9739,4.43,92,100,8.49,US,1712450113
549,udaipur,24.5712,73.6918,19.5,27,0,1.87,IN,1712450113
550,businga,3.3333,20.8833,20.51,99,98,0.66,CD,1712450113
551,tobruk,32.0836,23.9764,16.98,80,27,7.63,LY,1712450113
552,sao joao da barra,-21.6403,-41.0511,23.09,80,6,2.27,BR,1712449835
553,lubango,-14.9172,13.4925,16.92,94,100,2.06,AO,1712450114
554,manakara,-22.1333,48.0167,22.06,94,11,1.49,MG,1712450114
555,georgievka,49.3314,81.5761,7.66,54,100,2.2,KZ,1712450114
556,ingeniero guillermo n. juarez,-23.9,-61.85,29.98,52,100,3.02,AR,1712450114
557,lanja,16.85,73.55,23.88,44,72,1.81,IN,1712450114
558,vilyuysk,63.7553,121.6247,-16.67,94,80,2.24,RU,1712449999
559,longboat key,27.4125,-82.659,19.44,58,0,5.14,US,1712450089
560,karkala,13.2,74.9833,26.9,89,15,1.67,IN,1712449823
561,sitka,57.0531,-135.33,4.94,75,75,2.06,US,1712449977
562,baranchinskiy,58.1617,59.6991,-4.52,74,100,4.62,RU,1712450115
563,alghero,40.5589,8.3181,11.05,100,0,1.03,IT,1712450093
564,tidjikja,18.5564,-11.4271,28.3,17,6,5.04,MR,1712450115
565,mount gambier,-37.8333,140.7667,15.35,79,100,3.66,AU,1712450115
566,rifle,39.5347,-107.7831,3.54,69,40,3.6,US,1712450116
567,griffith,41.5284,-87.4237,8.41,73,0,4.63,US,1712450116
568,benghazi,32.1167,20.0667,17.31,74,0,5.66,LY,1712450116
569,ixtapa,20.7,-105.2,22.9,78,75,5.14,MX,1712450117
